url_path,views_total,views_unique
/peff74/Sonoff-Dual-R3,19,12
/peff74/Sonoff-Dual-R3/blob/main/Sonoff_BL0939/Sonoff_BL0939.ino,14,5
/peff74/Sonoff-Dual-R3/tree/main/Sonoff_BL0939,11,6
/peff74/Sonoff-Dual-R3/blob/main/BL0939%20Notes_V1.1_cn%20en-US.pdf,5,4
/peff74/Sonoff-Dual-R3/blob/main/BL0939_V1.2_cn%20en-US.pdf,5,2
/peff74/Sonoff-Dual-R3/blob/main/Sonoff_BL0939/customs.h,3,2
/peff74/Sonoff-Dual-R3/tree/github-repo-stats/peff74,3,1
/peff74/Sonoff-Dual-R3/tree/main/.github/workflows,3,1
/peff74/Sonoff-Dual-R3/blob/github-repo-stats/peff74/Sonoff-Dual-R3/latest-report/report.pdf,2,1
/peff74/Sonoff-Dual-R3/tree/github-repo-stats/peff74/Sonoff-Dual-R3,2,1
